[
  {
    "aweme_id": "7260749400622894336",
    "desc": "你说爱像云 要自在漂浮才美丽",
    "create_time": 1690524964,
    "music": {
      "id": 7123453673090321000,
      "title": "禁盗用",
      "author": "LoveW_",
      "cover_medium": {
        "uri": "720x720/aweme-avatar/tos-cn-avt-0015_5374859713808b0007ba979b1f18171c",
        "url_list": [
          "https://p3-pc.douyinpic.com/aweme/720x720/aweme-avatar/tos-cn-avt-0015_5374859713808b0007ba979b1f18171c.jpeg?from=116350172"
        ],
        "width": 720,
        "height": 720
      },
      "cover_thumb": {
        "uri": "100x100/aweme-avatar/tos-cn-avt-0015_5374859713808b0007ba979b1f18171c",
        "url_list": [
          "https://p3-pc.douyinpic.com/aweme/100x100/aweme-avatar/tos-cn-avt-0015_5374859713808b0007ba979b1f18171c.jpeg?from=116350172"
        ],
        "width": 720,
        "height": 720
      },
      "play_url": {
        "uri": "https://sf5-hl-cdn-tos.douyinstatic.com/obj/ies-music/7123453672335690532.mp3",
        "url_list": [
          "https://sf5-hl-cdn-tos.douyinstatic.com/obj/ies-music/7123453672335690532.mp3",
          "https://sf3-cdn-tos.douyinstatic.com/obj/ies-music/7123453672335690532.mp3"
        ],
        "width": 720,
        "height": 720,
        "url_key": "7123453673090321159"
      },
      "duration": 17,
      "user_count": 0,
      "owner_id": "1711265034548715",
      "owner_nickname": "LoveW_",
      "is_original": false
    },
    "video": {
      "play_addr": {
        "uri": "v0d00fg10000cj1lq4jc77u0ng6s1gt0",
        "url_list": [
          "https://www.douyin.com/aweme/v1/play/?video_id=v0d00fg10000cj1lq4jc77u0ng6s1gt0&line=0&file_id=bed51c00899b458cbc5d8280147c22a1&sign=7749aec7bd62a3760065f60e40fc1867&is_play_url=1&source=PackSourceEnum_PUBLISH"
        ],
        "width": 1080,
        "height": 1920,
        "url_key": "v0d00fg10000cj1lq4jc77u0ng6s1gt0_h264_1080p_2053262",
        "data_size": 3480280,
        "file_hash": "7749aec7bd62a3760065f60e40fc1867",
        "file_cs": "c:0-16104-634c|d:0-1740139-1d83,1740140-3480279-e5a6|a:v0d00fg10000cj1lq4jc77u0ng6s1gt0"
      },
      "cover": {
        "uri": "tos-cn-i-0813/oYVDeaFZyENAAAAKXCYfxD6hI4zADNAURgtySl",
        "url_list": ["jwWCPZVTIA4IKM-8WipLF.png"],
        "width": 720,
        "height": 720
      },
      "poster": "a1.jpg",
      "height": 3840,
      "width": 2160,
      "ratio": "1080p",
      "use_static_cover": true,
      "duration": 13560
    },
    "share_url": "https://www.iesdouyin.com/share/video/7260749400622894336/?region=CN&mid=7123453673090321159&u_code=13kgm680k&did=MS4wLjABAAAAiOgYyZm8XbWZMr5o3OvhR-TEOuNygb_hQOwkie-VXJpDYaR4vZfpiIGBfAWKCFHB&iid=MS4wLjABAAAANwkJuWIRFOzg5uCpDRpMj4OX-QryoDgn-yYlXQnRwQQ&with_sec_did=1&titleType=title&share_sign=LF.QuEh0GZk3quR7m.I3KpyKn2XyfNLNYHzuQDgWLpc-&share_version=170400&ts=1710491656&from_aid=6383&from_ssr=1",
    "statistics": {
      "admire_count": 0,
      "comment_count": 21582,
      "digg_count": 1246636,
      "collect_count": 64460,
      "play_count": 0,
      "share_count": 172803
    },
    "status": {
      "listen_video_status": 0,
      "is_delete": false,
      "allow_share": true,
      "is_prohibited": false,
      "in_reviewing": false,
      "part_see": 0,
      "private_status": 0,
      "review_result": {
        "review_status": 0
      }
    },
    "text_extra": [],
    "is_top": 1,
    "share_info": {
      "share_url": "https://www.iesdouyin.com/share/video/7260749400622894336/?region=CN&mid=7123453673090321159&u_code=13kgm680k&did=MS4wLjABAAAAiOgYyZm8XbWZMr5o3OvhR-TEOuNygb_hQOwkie-VXJpDYaR4vZfpiIGBfAWKCFHB&iid=MS4wLjABAAAANwkJuWIRFOzg5uCpDRpMj4OX-QryoDgn-yYlXQnRwQQ&with_sec_did=1&titleType=title&share_sign=LF.QuEh0GZk3quR7m.I3KpyKn2XyfNLNYHzuQDgWLpc-&share_version=170400&ts=1710491656&from_aid=6383&from_ssr=1",
      "share_link_desc": "7.46 04/12 Duf:/ D@h.ba 你说爱像云 要自在漂浮才美丽  %s 复制此链接，打开Dou音搜索，直接观看视频！"
    },
    "duration": 13560,
    "image_infos": null,
    "risk_infos": {
      "vote": false,
      "warn": false,
      "risk_sink": false,
      "type": 0,
      "content": ""
    },
    "position": null,
    "author_user_id": 59054327754,
    "prevent_download": false,
    "long_video": null,
    "aweme_control": {
      "can_forward": true,
      "can_share": true,
      "can_comment": true,
      "can_show_comment": true
    },
    "images": null,
    "suggest_words": {
      "suggest_words": [
        {
          "words": [
            {
              "word": "一只顾",
              "word_id": "6658760941217256711",
              "info": "{\"qrec_for_search\":\"{\\\"video_ecom\\\":\\\"1\\\"}\"}"
            }
          ],
          "scene": "comment_top_rec",
          "icon_url": "",
          "hint_text": "大家都在搜：",
          "extra_info": "{}"
        },
        {
          "words": [
            {
              "word": "香秀早期照片护士",
              "word_id": "6999224590481708302",
              "info": "{\"qrec_for_search\":\"{\\\"video_ecom\\\":\\\"1\\\"}\"}"
            }
          ],
          "scene": "feed_bottom_rec",
          "icon_url": "",
          "hint_text": "相关搜索",
          "extra_info": "{}"
        },
        {
          "words": [
            {
              "word": "一只顾",
              "word_id": "6658760941217256711",
              "info": "{\"qrec_for_search\":\"{\\\"video_ecom\\\":\\\"1\\\"}\"}"
            }
          ],
          "scene": "detail_inbox_rex",
          "icon_url": "",
          "hint_text": "",
          "extra_info": "{}"
        }
      ]
    },
    "author": {
      "avatar_small": {
        "height": 720,
        "uri": "aweme-avatar/mosaic-legacy_20b7700050147c01968f3",
        "url_list": [
          "https://p3-pc.douyinpic.com/img/aweme-avatar/mosaic-legacy_20b7700050147c01968f3~c5_168x168.jpeg?from=2956013662"
        ],
        "width": 720
      },
      "avatar_large": {
        "height": 720,
        "uri": "aweme-avatar/mosaic-legacy_20b7700050147c01968f3",
        "url_list": [
          "https://p3-pc.douyinpic.com/img/aweme-avatar/mosaic-legacy_20b7700050147c01968f3~c5_300x300.jpeg?from=2956013662"
        ],
        "width": 720
      },
      "aweme_count": 296,
      "birthday_hide_level": 1,
      "can_show_group_card": 1,
      "card_entries": [
        {
          "card_data": "{\"is_order_card\":false,\"has_new\":false,\"is_store\":false,\"shop_id\":\"\",\"product_count\":6,\"store_type\":\"window\",\"icon_is_repeat\":false,\"icon_type\":\"png\",\"is_promotion_icon\":false,\"subtitle_resource_list\":\"\"}",
          "event_params": "{\"entrance_location\":\"others_homepage\"}",
          "goto_url": "sslocal://goods/shop?uid=59054327754&sec_uid=MS4wLjABAAAAe_AKPvxBX0C_4vyLj5Wye-_BU8M0S6tZFZUu61FuycU",
          "icon_dark": {
            "url_list": [
              "https://lf3-static.bytednsdoc.com/obj/eden-cn/azlylaup_j_tvjl/ljhwZthlaukjlkulzlp/ecom_window/ecom_window_other_dark-3x.png",
              "https://lf9-static.bytednsdoc.com/obj/eden-cn/azlylaup_j_tvjl/ljhwZthlaukjlkulzlp/ecom_window/ecom_window_other_dark-3x.png",
              "https://lf26-static.bytednsdoc.com/obj/eden-cn/azlylaup_j_tvjl/ljhwZthlaukjlkulzlp/ecom_window/ecom_window_other_dark-3x.png",
              "https://lf3-static.bytednsdoc.com/obj/eden-cn/azlylaup_j_tvjl/ljhwZthlaukjlkulzlp/ecom_window/ecom_window_other_dark-2x.png",
              "https://lf9-static.bytednsdoc.com/obj/eden-cn/azlylaup_j_tvjl/ljhwZthlaukjlkulzlp/ecom_window/ecom_window_other_dark-2x.png",
              "https://lf26-static.bytednsdoc.com/obj/eden-cn/azlylaup_j_tvjl/ljhwZthlaukjlkulzlp/ecom_window/ecom_window_other_dark-2x.png"
            ]
          },
          "icon_light": {
            "url_list": [
              "https://lf3-static.bytednsdoc.com/obj/eden-cn/azlylaup_j_tvjl/ljhwZthlaukjlkulzlp/ecom_window/ecom_window_other_light-3x.png",
              "https://lf9-static.bytednsdoc.com/obj/eden-cn/azlylaup_j_tvjl/ljhwZthlaukjlkulzlp/ecom_window/ecom_window_other_light-3x.png",
              "https://lf26-static.bytednsdoc.com/obj/eden-cn/azlylaup_j_tvjl/ljhwZthlaukjlkulzlp/ecom_window/ecom_window_other_light-3x.png",
              "https://lf3-static.bytednsdoc.com/obj/eden-cn/azlylaup_j_tvjl/ljhwZthlaukjlkulzlp/ecom_window/ecom_window_other_light-2x.png",
              "https://lf9-static.bytednsdoc.com/obj/eden-cn/azlylaup_j_tvjl/ljhwZthlaukjlkulzlp/ecom_window/ecom_window_other_light-2x.png",
              "https://lf26-static.bytednsdoc.com/obj/eden-cn/azlylaup_j_tvjl/ljhwZthlaukjlkulzlp/ecom_window/ecom_window_other_light-2x.png"
            ]
          },
          "sub_title": "6件好物",
          "title": "进入橱窗",
          "type": 1
        }
      ],
      "city": "",
      "commerce_info": {
        "challenge_list": null,
        "head_image_list": null,
        "offline_info_list": [],
        "smart_phone_list": null,
        "task_list": null
      },
      "commerce_user_info": {
        "ad_revenue_rits": null,
        "has_ads_entry": true,
        "show_star_atlas_cooperation": true,
        "star_atlas": 1
      },
      "commerce_user_level": 0,
      "country": "",
      "cover_colour": "#03997706",
      "cover_url": [
        {
          "uri": "douyin-user-image-file/f2196ddaa37f3097932d8a29ff0d0ca5",
          "url_list": ["AiIEMkIA7Cb3s5c4e7e6g.png"]
        },
        {
          "uri": "c8510002be9a3a61aad2",
          "url_list": ["aHzLr77vcdBMUil15rXBa.png"]
        }
      ],
      "district": "",
      "favoriting_count": 0,
      "follow_status": 0,
      "follower_count": 7078268,
      "follower_request_status": 0,
      "follower_status": 0,
      "following_count": 88,
      "forward_count": 79,
      "gender": 2,
      "ip_location": "IP属地：天津",
      "max_follower_count": 7078290,
      "mplatform_followers_count": 7078268,
      "nickname": "我是香秀🐂🍺",
      "province": "",
      "public_collects_count": 0,
      "share_info": {
        "bool_persist": 1,
        "share_desc": "长按复制此条消息，打开抖音搜索，查看TA的更多作品。",
        "share_image_url": {
          "uri": "tos-cn-p-0015/oge0HBDnlBbbZHjeDc4WtAI7AA0xb88gd9Ipjc",
          "url_list": ["5jTb5yW0_50o6UaLR5hvo.png"]
        },
        "share_qrcode_url": {
          "uri": "216a001823018b74cedd",
          "url_list": [
            "https://p3.douyinpic.com/obj/216a001823018b74cedd",
            "https://p6.douyinpic.com/obj/216a001823018b74cedd",
            "https://p11.douyinpic.com/obj/216a001823018b74cedd"
          ]
        },
        "share_title": "快来加入抖音，让你发现最有趣的我！",
        "share_url": "www.iesdouyin.com/share/user/MS4wLjABAAAAe_AKPvxBX0C_4vyLj5Wye-_BU8M0S6tZFZUu61FuycU?did=MS4wLjABAAAAiOgYyZm8XbWZMr5o3OvhR-TEOuNygb_hQOwkie-VXJpDYaR4vZfpiIGBfAWKCFHB&iid=MS4wLjABAAAANwkJuWIRFOzg5uCpDRpMj4OX-QryoDgn-yYlXQnRwQQ&with_sec_did=1&sec_uid=MS4wLjABAAAAe_AKPvxBX0C_4vyLj5Wye-_BU8M0S6tZFZUu61FuycU&from_ssr=1&from_aid=6383&u_code=13kgm680k",
        "share_weibo_desc": "长按复制此条消息，打开抖音搜索，查看TA的更多作品。"
      },
      "short_id": "8357999",
      "signature": "合作：X229896（备注品牌 ）",
      "total_favorited": 202309485,
      "uid": "59054327754",
      "unique_id": "",
      "user_age": -1,
      "white_cover_url": [
        {
          "uri": "douyin-user-image-file/f2196ddaa37f3097932d8a29ff0d0ca5",
          "url_list": ["N_SVO2HXIpaY04hgsXYDI.png"]
        },
        {
          "uri": "318f1000413827e122102",
          "url_list": ["Sfz4PgDDqyNYHkFyXub5g.png"]
        }
      ]
    }
  },
  {
    "aweme_id": "6686589698707590411",
    "desc": "门有点矮哟～",
    "create_time": 1556887936,
    "music": {
      "id": 6452110567468436000,
      "title": "GQ",
      "author": "Lola Coca",
      "cover_medium": {
        "uri": "tos-cn-v-2774c002/8a56e9005cdd495995bb363bf05b3acc",
        "url_list": [
          "https://p3-sign.douyinpic.com/tos-cn-v-2774c002/8a56e9005cdd495995bb363bf05b3acc~200x200.jpeg?lk3s=08d74b56&x-expires=1710576724&x-signature=VucON4XTlKnrxSw7Wqxk3bSec14%3D",
          "https://p9-sign.douyinpic.com/tos-cn-v-2774c002/8a56e9005cdd495995bb363bf05b3acc~200x200.jpeg?lk3s=08d74b56&x-expires=1710576724&x-signature=Iy8O%2F%2FxGebGOLjlIWu1C55M0UFo%3D"
        ],
        "width": 720,
        "height": 720
      },
      "cover_thumb": {
        "uri": "tos-cn-v-2774c002/8a56e9005cdd495995bb363bf05b3acc",
        "url_list": [
          "https://p26-sign.douyinpic.com/tos-cn-v-2774c002/8a56e9005cdd495995bb363bf05b3acc~100x100.jpeg?lk3s=08d74b56&x-expires=1710576724&x-signature=GrpJhox6q19DCvwhrl10LsdpSJU%3D",
          "https://p3-sign.douyinpic.com/tos-cn-v-2774c002/8a56e9005cdd495995bb363bf05b3acc~100x100.jpeg?lk3s=08d74b56&x-expires=1710576724&x-signature=QsyVlRL%2FwBED2IYMEcdsYsfvXTY%3D"
        ],
        "width": 720,
        "height": 720
      },
      "play_url": {
        "uri": "",
        "url_list": [],
        "width": 720,
        "height": 720,
        "url_key": "6452110567468436238"
      },
      "duration": 53,
      "user_count": 0,
      "owner_nickname": "",
      "is_original": false
    },
    "video": {
      "play_addr": {
        "uri": "v0200f2c0000bj63fuv3cp5a1sbmujc0",
        "url_list": [
          "https://www.douyin.com/aweme/v1/play/?video_id=v0200f2c0000bj63fuv3cp5a1sbmujc0&line=0&file_id=fad24ab3e1ab4efa90440244d5268bd9&sign=f33a08757b00e73f6a75ab6a3c5d751b&is_play_url=1&source=PackSourceEnum_PUBLISH"
        ],
        "width": 720,
        "height": 1280,
        "url_key": "v0200f2c0000bj63fuv3cp5a1sbmujc0_h264_720p_1631395",
        "data_size": 1578648,
        "file_hash": "f33a08757b00e73f6a75ab6a3c5d751b"
      },
      "cover": {
        "uri": "2071800047c9d7f961529",
        "url_list": ["_T0vQPZKXrNC6ulECmMes.png"],
        "width": 720,
        "height": 720
      },
      "poster": "out6.jpg",
      "height": 1280,
      "width": 720,
      "ratio": "720p",
      "use_static_cover": false,
      "duration": 7133
    },
    "share_url": "https://www.iesdouyin.com/share/video/6686589698707590411/?region=CN&mid=6452110567468436238&u_code=13kgm680k&did=MS4wLjABAAAAiOgYyZm8XbWZMr5o3OvhR-TEOuNygb_hQOwkie-VXJpDYaR4vZfpiIGBfAWKCFHB&iid=MS4wLjABAAAANwkJuWIRFOzg5uCpDRpMj4OX-QryoDgn-yYlXQnRwQQ&with_sec_did=1&titleType=title&share_sign=DGkn.ltdNm4E6JhEBtbWsuF.YDISGBPo3egx6J8W_c4-&share_version=170400&ts=1710490324&from_aid=6383&from_ssr=1",
    "statistics": {
      "admire_count": 0,
      "comment_count": 19109,
      "digg_count": 865701,
      "collect_count": 11578,
      "play_count": 0,
      "share_count": 44504
    },
    "status": {
      "listen_video_status": 0,
      "is_delete": false,
      "allow_share": true,
      "is_prohibited": false,
      "in_reviewing": false,
      "part_see": 0,
      "private_status": 0,
      "review_result": {
        "review_status": 0
      }
    },
    "text_extra": [],
    "is_top": 1,
    "share_info": {
      "share_url": "https://www.iesdouyin.com/share/video/6686589698707590411/?region=CN&mid=6452110567468436238&u_code=13kgm680k&did=MS4wLjABAAAAiOgYyZm8XbWZMr5o3OvhR-TEOuNygb_hQOwkie-VXJpDYaR4vZfpiIGBfAWKCFHB&iid=MS4wLjABAAAANwkJuWIRFOzg5uCpDRpMj4OX-QryoDgn-yYlXQnRwQQ&with_sec_did=1&titleType=title&share_sign=DGkn.ltdNm4E6JhEBtbWsuF.YDISGBPo3egx6J8W_c4-&share_version=170400&ts=1710490324&from_aid=6383&from_ssr=1",
      "share_link_desc": "6.46 mQX:/ S@y.go 05/04 门有点矮哟～  %s 复制此链接，打开Dou音搜索，直接观看视频！"
    },
    "duration": 7133,
    "image_infos": null,
    "risk_infos": {
      "vote": false,
      "warn": false,
      "risk_sink": false,
      "type": 0,
      "content": ""
    },
    "position": null,
    "author_user_id": 62839305427,
    "prevent_download": false,
    "long_video": null,
    "aweme_control": {
      "can_forward": true,
      "can_share": true,
      "can_comment": true,
      "can_show_comment": true
    },
    "images": null,
    "suggest_words": {
      "suggest_words": [
        {
          "words": [
            {
              "word": "周子然大学照片",
              "word_id": "7057133965329896717",
              "info": "{\"qrec_for_search\":\"{}\"}"
            }
          ],
          "scene": "comment_top_rec",
          "icon_url": "",
          "hint_text": "大家都在搜：",
          "extra_info": "{}"
        },
        {
          "words": [
            {
              "word": "周子然",
              "word_id": "6595806713759175939",
              "info": "{\"qrec_for_search\":\"{}\"}"
            }
          ],
          "scene": "detail_inbox_rex",
          "icon_url": "",
          "hint_text": "",
          "extra_info": "{}"
        }
      ]
    },
    "author": {
      "avatar_small": {
        "height": 720,
        "uri": "aweme-avatar/tos-cn-avt-0015_f59bfced5c6a3b56d152f1e0437f06ec",
        "url_list": [
          "https://p3-pc.douyinpic.com/img/aweme-avatar/tos-cn-avt-0015_f59bfced5c6a3b56d152f1e0437f06ec~c5_168x168.jpeg?from=2956013662"
        ],
        "width": 720
      },
      "avatar_large": {
        "height": 720,
        "uri": "aweme-avatar/tos-cn-avt-0015_f59bfced5c6a3b56d152f1e0437f06ec",
        "url_list": [
          "https://p3-pc.douyinpic.com/img/aweme-avatar/tos-cn-avt-0015_f59bfced5c6a3b56d152f1e0437f06ec~c5_300x300.jpeg?from=2956013662"
        ],
        "width": 720
      },
      "aweme_count": 286,
      "birthday_hide_level": 0,
      "can_show_group_card": 1,
      "city": "",
      "commerce_info": {
        "challenge_list": null,
        "head_image_list": null,
        "offline_info_list": [],
        "smart_phone_list": null,
        "task_list": null
      },
      "commerce_user_info": {
        "ad_revenue_rits": null,
        "has_ads_entry": true,
        "show_star_atlas_cooperation": true,
        "star_atlas": 1
      },
      "commerce_user_level": 0,
      "country": "",
      "cover_colour": "#03997706",
      "cover_url": [
        {
          "uri": "douyin-user-image-file/f0e0fa1c47be6c2eedb3bbc077b2e89b",
          "url_list": ["eTzFhGSTt3FN9Wu_SwYfJ.png"]
        },
        {
          "uri": "c8510002be9a3a61aad2",
          "url_list": ["ycPju2wLo8QdUH3BhOHfP.png"]
        }
      ],
      "district": "",
      "favoriting_count": 0,
      "follow_status": 0,
      "follower_count": 3901177,
      "follower_request_status": 0,
      "follower_status": 0,
      "following_count": 80,
      "forward_count": 5,
      "gender": 2,
      "ip_location": "IP属地：湖北",
      "max_follower_count": 4354709,
      "mplatform_followers_count": 3917646,
      "nickname": "周子然JingYi",
      "province": "",
      "public_collects_count": 0,
      "share_info": {
        "bool_persist": 1,
        "share_desc": "长按复制此条消息，打开抖音搜索，查看TA的更多作品。",
        "share_image_url": {
          "uri": "tos-cn-p-0015/oMYiIAfY7PDPW4RWABzAIB6KeiygIB7AVxhctZ",
          "url_list": ["yynTGOW4ukH0o6ivqStEd.png"]
        },
        "share_qrcode_url": {
          "uri": "3306001c73315193d5b5",
          "url_list": [
            "https://p6.douyinpic.com/obj/3306001c73315193d5b5",
            "https://p3.douyinpic.com/obj/3306001c73315193d5b5",
            "https://p26.douyinpic.com/obj/3306001c73315193d5b5"
          ]
        },
        "share_title": "快来加入抖音，让你发现最有趣的我！",
        "share_url": "www.iesdouyin.com/share/user/MS4wLjABAAAAkXwrvzDNOUr-BnujrX712FgL4PY8kNKNpGYYAUjA0us?did=MS4wLjABAAAAiOgYyZm8XbWZMr5o3OvhR-TEOuNygb_hQOwkie-VXJpDYaR4vZfpiIGBfAWKCFHB&iid=MS4wLjABAAAANwkJuWIRFOzg5uCpDRpMj4OX-QryoDgn-yYlXQnRwQQ&with_sec_did=1&sec_uid=MS4wLjABAAAAkXwrvzDNOUr-BnujrX712FgL4PY8kNKNpGYYAUjA0us&from_ssr=1&from_aid=6383&u_code=13kgm680k",
        "share_weibo_desc": "长按复制此条消息，打开抖音搜索，查看TA的更多作品。"
      },
      "short_id": "0",
      "signature": "知行合一",
      "total_favorited": 39491570,
      "uid": "62839305427",
      "unique_id": "jingyiziran",
      "user_age": 122,
      "white_cover_url": [
        {
          "uri": "douyin-user-image-file/f0e0fa1c47be6c2eedb3bbc077b2e89b",
          "url_list": ["3Lbs4vjci4a5PWPjuHqGO.png"]
        },
        {
          "uri": "318f1000413827e122102",
          "url_list": ["2QCe-HDrBnJc06gcYCeTW.png"]
        }
      ]
    }
  },
  {
    "aweme_id": "7344326968478813478",
    "desc": "准备好迎接夏天了吗#已经开始期待夏天了 #小秋池编舞",
    "create_time": 1709984384,
    "music": {
      "id": 7108698353172844000,
      "title": "@SNOWSTORM—🍊小秋池创作的原声",
      "author": "SNOWSTORM—🍊小秋池",
      "cover_medium": {
        "uri": "720x720/aweme-avatar/tos-cn-avt-0015_c1b1ca1e05fc6d2eb478739e3360c504",
        "url_list": [
          "https://p3-pc.douyinpic.com/aweme/720x720/aweme-avatar/tos-cn-avt-0015_c1b1ca1e05fc6d2eb478739e3360c504.jpeg?from=116350172"
        ],
        "width": 720,
        "height": 720
      },
      "cover_thumb": {
        "uri": "100x100/aweme-avatar/tos-cn-avt-0015_c1b1ca1e05fc6d2eb478739e3360c504",
        "url_list": [
          "https://p3-pc.douyinpic.com/aweme/100x100/aweme-avatar/tos-cn-avt-0015_c1b1ca1e05fc6d2eb478739e3360c504.jpeg?from=116350172"
        ],
        "width": 720,
        "height": 720
      },
      "play_url": {
        "uri": "https://sf3-cdn-tos.douyinstatic.com/obj/ies-music/7108698353432857351.mp3",
        "url_list": [
          "https://sf3-cdn-tos.douyinstatic.com/obj/ies-music/7108698353432857351.mp3",
          "https://sf5-hl-cdn-tos.douyinstatic.com/obj/ies-music/7108698353432857351.mp3"
        ],
        "width": 720,
        "height": 720,
        "url_key": "7108698353172843277"
      },
      "duration": 33,
      "user_count": 0,
      "owner_id": "104215301830",
      "owner_nickname": "SNOWSTORM—🍊小秋池",
      "is_original": false
    },
    "video": {
      "play_addr": {
        "uri": "v0200fg10000cnm4kq3c77ubn9efls50",
        "url_list": [
          "https://www.douyin.com/aweme/v1/play/?video_id=v0200fg10000cnm4kq3c77ubn9efls50&line=0&file_id=57f15d4da3274950aec2af12bbe0514c&sign=23f56dac8fb96a21c4bdc2b4e3bedb62&is_play_url=1&source=PackSourceEnum_PUBLISH"
        ],
        "width": 1080,
        "height": 1920,
        "url_key": "v0200fg10000cnm4kq3c77ubn9efls50_h264_1080p_4494475",
        "data_size": 9353004,
        "file_hash": "23f56dac8fb96a21c4bdc2b4e3bedb62",
        "file_cs": "c:0-15102-2f77|d:0-4676501-3a80,4676502-9353003-254b|a:v0200fg10000cnm4kq3c77ubn9efls50"
      },
      "cover": {
        "uri": "tos-cn-i-0813/oQKse1TDAG7fAI4EGEeLASDnAQEoABSnbJ2BvM",
        "url_list": ["NYLpBo9emIte6nynBBQNe.png"],
        "width": 720,
        "height": 720
      },
      "poster": "out7.jpg",
      "height": 3840,
      "width": 2160,
      "ratio": "1080p",
      "use_static_cover": true,
      "duration": 16648
    },
    "share_url": "https://www.iesdouyin.com/share/video/7344326968478813478/?region=CN&mid=7108698353172843277&u_code=13kgm680k&did=MS4wLjABAAAAiOgYyZm8XbWZMr5o3OvhR-TEOuNygb_hQOwkie-VXJpDYaR4vZfpiIGBfAWKCFHB&iid=MS4wLjABAAAANwkJuWIRFOzg5uCpDRpMj4OX-QryoDgn-yYlXQnRwQQ&with_sec_did=1&titleType=title&share_sign=g.qn1OJM4wzDDaVr.w2sHbc_p8woltqoONHjhLQD2_I-&share_version=170400&ts=1710492054&from_aid=6383&from_ssr=1",
    "statistics": {
      "admire_count": 0,
      "comment_count": 3802,
      "digg_count": 475134,
      "collect_count": 21931,
      "play_count": 0,
      "share_count": 34130
    },
    "status": {
      "listen_video_status": 0,
      "is_delete": false,
      "allow_share": true,
      "is_prohibited": false,
      "in_reviewing": false,
      "part_see": 0,
      "private_status": 0,
      "review_result": {
        "review_status": 0
      }
    },
    "text_extra": [
      {
        "start": 9,
        "end": 19,
        "type": 1,
        "hashtag_name": "已经开始期待夏天了",
        "hashtag_id": "1690739287287819",
        "is_commerce": false,
        "caption_start": 9,
        "caption_end": 19
      },
      {
        "start": 20,
        "end": 26,
        "type": 1,
        "hashtag_name": "小秋池编舞",
        "hashtag_id": "1668054527167502",
        "is_commerce": false,
        "caption_start": 20,
        "caption_end": 26
      }
    ],
    "is_top": 0,
    "share_info": {
      "share_url": "https://www.iesdouyin.com/share/video/7344326968478813478/?region=CN&mid=7108698353172843277&u_code=13kgm680k&did=MS4wLjABAAAAiOgYyZm8XbWZMr5o3OvhR-TEOuNygb_hQOwkie-VXJpDYaR4vZfpiIGBfAWKCFHB&iid=MS4wLjABAAAANwkJuWIRFOzg5uCpDRpMj4OX-QryoDgn-yYlXQnRwQQ&with_sec_did=1&titleType=title&share_sign=g.qn1OJM4wzDDaVr.w2sHbc_p8woltqoONHjhLQD2_I-&share_version=170400&ts=1710492054&from_aid=6383&from_ssr=1",
      "share_link_desc": "1.58 kCH:/ 08/24 h@b.nQ 准备好迎接夏天了吗# 已经开始期待夏天了 # 小秋池编舞  %s 复制此链接，打开Dou音搜索，直接观看视频！"
    },
    "duration": 16648,
    "image_infos": null,
    "risk_infos": {
      "vote": false,
      "warn": false,
      "risk_sink": false,
      "type": 0,
      "content": ""
    },
    "position": null,
    "author_user_id": 60043717321,
    "prevent_download": false,
    "long_video": null,
    "aweme_control": {
      "can_forward": true,
      "can_share": true,
      "can_comment": true,
      "can_show_comment": true
    },
    "images": null,
    "suggest_words": {
      "suggest_words": [
        {
          "words": [
            {
              "word": "褚时健",
              "word_id": "6537285856829379843",
              "info": "{\"qrec_for_search\":\"{\\\"video_ecom\\\":\\\"1\\\"}\"}"
            }
          ],
          "scene": "comment_top_rec",
          "icon_url": "",
          "hint_text": "大家都在搜：",
          "extra_info": "{}"
        },
        {
          "words": [
            {
              "word": "褚时健孙女",
              "word_id": "6592111212366959885",
              "info": "{\"qrec_for_search\":\"{\\\"video_ecom\\\":\\\"1\\\"}\"}"
            }
          ],
          "scene": "feed_bottom_rec",
          "icon_url": "",
          "hint_text": "相关搜索",
          "extra_info": "{}"
        },
        {
          "words": [
            {
              "word": "褚时健",
              "word_id": "6537285856829379843",
              "info": "{\"qrec_for_search\":\"{\\\"video_ecom\\\":\\\"1\\\"}\"}"
            }
          ],
          "scene": "detail_inbox_rex",
          "icon_url": "",
          "hint_text": "",
          "extra_info": "{}"
        }
      ]
    },
    "author": {
      "avatar_small": {
        "height": 720,
        "uri": "aweme-avatar/mosaic-legacy_310e3000a130132511b54",
        "url_list": [
          "https://p3-pc.douyinpic.com/img/aweme-avatar/mosaic-legacy_310e3000a130132511b54~c5_168x168.jpeg?from=2956013662"
        ],
        "width": 720
      },
      "avatar_large": {
        "height": 720,
        "uri": "aweme-avatar/mosaic-legacy_310e3000a130132511b54",
        "url_list": [
          "https://p3-pc.douyinpic.com/img/aweme-avatar/mosaic-legacy_310e3000a130132511b54~c5_300x300.jpeg?from=2956013662"
        ],
        "width": 720
      },
      "aweme_count": 304,
      "birthday_hide_level": 0,
      "can_show_group_card": 1,
      "city": "",
      "commerce_info": {
        "challenge_list": [],
        "head_image_list": null,
        "offline_info_list": [],
        "smart_phone_list": null,
        "task_list": null
      },
      "commerce_user_info": {
        "ad_revenue_rits": null,
        "has_ads_entry": true,
        "show_star_atlas_cooperation": false,
        "star_atlas": 1
      },
      "commerce_user_level": 0,
      "country": "",
      "cover_colour": "#03997706",
      "cover_url": [
        {
          "uri": "douyin-user-image-file/c029dcead6fbf261d15b1ab7de43bf2f",
          "url_list": ["2eFwyUS9yN8r7wJCXHUvb.png"]
        },
        {
          "uri": "c8510002be9a3a61aad2",
          "url_list": ["0yrHnPaNjbwpkaPNo7s4x.png"]
        }
      ],
      "district": "",
      "favoriting_count": 0,
      "follow_status": 0,
      "follower_count": 24783790,
      "follower_request_status": 0,
      "follower_status": 0,
      "following_count": 52,
      "forward_count": 2,
      "gender": 0,
      "ip_location": "IP属地：云南",
      "max_follower_count": 27200114,
      "mplatform_followers_count": 24783790,
      "nickname": "小橙子",
      "province": "",
      "public_collects_count": 0,
      "share_info": {
        "bool_persist": 1,
        "share_desc": "长按复制此条消息，打开抖音搜索，查看TA的更多作品。",
        "share_image_url": {
          "uri": "tos-cn-p-0015/oceLdA0zALBI8CoyKiCfhU69IBlNq4RsbgzSAu",
          "url_list": ["qnOWDz5lUek2B1I5MPHa-.png"]
        },
        "share_qrcode_url": {
          "uri": "216a0023aa35c71d4381",
          "url_list": [
            "https://p11.douyinpic.com/obj/216a0023aa35c71d4381",
            "https://p3.douyinpic.com/obj/216a0023aa35c71d4381",
            "https://p6.douyinpic.com/obj/216a0023aa35c71d4381"
          ]
        },
        "share_title": "快来加入抖音，让你发现最有趣的我！",
        "share_url": "www.iesdouyin.com/share/user/MS4wLjABAAAAI-lEgbXAy9AcrRR_ujh1DfyWRuh1ZjxLdzmjMD948KY?from_aid=6383&u_code=13kgm680k&did=MS4wLjABAAAAiOgYyZm8XbWZMr5o3OvhR-TEOuNygb_hQOwkie-VXJpDYaR4vZfpiIGBfAWKCFHB&iid=MS4wLjABAAAANwkJuWIRFOzg5uCpDRpMj4OX-QryoDgn-yYlXQnRwQQ&with_sec_did=1&sec_uid=MS4wLjABAAAAI-lEgbXAy9AcrRR_ujh1DfyWRuh1ZjxLdzmjMD948KY&from_ssr=1",
        "share_weibo_desc": "长按复制此条消息，打开抖音搜索，查看TA的更多作品。"
      },
      "short_id": "13632088",
      "signature": "承蒙厚爱 万分感激🙏🏻\n视频均为自己创作 未签约 不直播\n工作v❤ orangelaby",
      "total_favorited": 575707796,
      "uid": "60043717321",
      "unique_id": "",
      "user_age": -1,
      "white_cover_url": [
        {
          "uri": "douyin-user-image-file/c029dcead6fbf261d15b1ab7de43bf2f",
          "url_list": ["ejF34o5i413UeROTNoYFI.png"]
        },
        {
          "uri": "318f1000413827e122102",
          "url_list": ["x9tjnPkC-OscQ480dZZAR.png"]
        }
      ]
    }
  },
  {
    "aweme_id": "7346190579807702310",
    "desc": "#背影杀 哈～",
    "create_time": 1710418291,
    "music": {
      "id": 7309070604290870000,
      "title": "@松月创作的原声",
      "author": "松月",
      "cover_medium": {
        "uri": "720x720/aweme-avatar/tos-cn-avt-0015_f4659a385314554931729922e210a1ab",
        "url_list": [
          "https://p3-pc.douyinpic.com/aweme/720x720/aweme-avatar/tos-cn-avt-0015_f4659a385314554931729922e210a1ab.jpeg?from=116350172"
        ],
        "width": 720,
        "height": 720
      },
      "cover_thumb": {
        "uri": "100x100/aweme-avatar/tos-cn-avt-0015_f4659a385314554931729922e210a1ab",
        "url_list": [
          "https://p3-pc.douyinpic.com/aweme/100x100/aweme-avatar/tos-cn-avt-0015_f4659a385314554931729922e210a1ab.jpeg?from=116350172"
        ],
        "width": 720,
        "height": 720
      },
      "play_url": {
        "uri": "https://sf5-hl-cdn-tos.douyinstatic.com/obj/ies-music/7309070603061873434.mp3",
        "url_list": [
          "https://sf5-hl-cdn-tos.douyinstatic.com/obj/ies-music/7309070603061873434.mp3",
          "https://sf6-cdn-tos.douyinstatic.com/obj/ies-music/7309070603061873434.mp3"
        ],
        "width": 720,
        "height": 720,
        "url_key": "7309070604290870026"
      },
      "duration": 17,
      "user_count": 0,
      "owner_id": "92438930576",
      "owner_nickname": "松月",
      "is_original": false
    },
    "video": {
      "play_addr": {
        "uri": "v0d00fg10000cnpei83c77uejrp5pns0",
        "url_list": [
          "https://www.douyin.com/aweme/v1/play/?video_id=v0d00fg10000cnpei83c77uejrp5pns0&line=0&file_id=a6eca4a909c54bf1ab053f8aa4b17dea&sign=dfdb4510ea4724d6bc506d03ed39b164&is_play_url=1&source=PackSourceEnum_PUBLISH"
        ],
        "width": 1080,
        "height": 1920,
        "url_key": "v0d00fg10000cnpei83c77uejrp5pns0_h264_1080p_1530065",
        "data_size": 3152891,
        "file_hash": "dfdb4510ea4724d6bc506d03ed39b164",
        "file_cs": "c:0-14749-e7a5|d:0-1576444-e869,1576445-3152890-4d3b|a:v0d00fg10000cnpei83c77uejrp5pns0"
      },
      "cover": {
        "uri": "tos-cn-i-0813/oAgAlhXilAAJ6u5MAzCgDBGefASENIN9XA3lyP",
        "url_list": ["dRGIZeauclEl_diysOXxZ.png"],
        "width": 720,
        "height": 720
      },
      "poster": "out8.jpg",
      "height": 1920,
      "width": 1080,
      "ratio": "1080p",
      "use_static_cover": true,
      "duration": 16485
    },
    "share_url": "https://www.iesdouyin.com/share/video/7346190579807702310/?region=CN&mid=7309070604290870026&u_code=13kgm680k&did=MS4wLjABAAAAiOgYyZm8XbWZMr5o3OvhR-TEOuNygb_hQOwkie-VXJpDYaR4vZfpiIGBfAWKCFHB&iid=MS4wLjABAAAANwkJuWIRFOzg5uCpDRpMj4OX-QryoDgn-yYlXQnRwQQ&with_sec_did=1&titleType=title&share_sign=uuESZcy7e4fr3QmkA53rctr9Sfp367bcUYu8b2.sM84-&share_version=170400&ts=1710488702&from_aid=6383&from_ssr=1",
    "statistics": {
      "admire_count": 1,
      "comment_count": 99,
      "digg_count": 7724,
      "collect_count": 730,
      "play_count": 0,
      "share_count": 1612
    },
    "status": {
      "listen_video_status": 0,
      "is_delete": false,
      "allow_share": true,
      "is_prohibited": false,
      "in_reviewing": false,
      "part_see": 0,
      "private_status": 0,
      "review_result": {
        "review_status": 0
      }
    },
    "text_extra": [
      {
        "start": 0,
        "end": 4,
        "type": 1,
        "hashtag_name": "背影杀",
        "hashtag_id": "1570173814554625",
        "is_commerce": false,
        "caption_start": 0,
        "caption_end": 4
      }
    ],
    "is_top": 0,
    "share_info": {
      "share_url": "https://www.iesdouyin.com/share/video/7346190579807702310/?region=CN&mid=7309070604290870026&u_code=13kgm680k&did=MS4wLjABAAAAiOgYyZm8XbWZMr5o3OvhR-TEOuNygb_hQOwkie-VXJpDYaR4vZfpiIGBfAWKCFHB&iid=MS4wLjABAAAANwkJuWIRFOzg5uCpDRpMj4OX-QryoDgn-yYlXQnRwQQ&with_sec_did=1&titleType=title&share_sign=uuESZcy7e4fr3QmkA53rctr9Sfp367bcUYu8b2.sM84-&share_version=170400&ts=1710488702&from_aid=6383&from_ssr=1",
      "share_link_desc": "2.87 o@q.eO 10/12 PKW:/ # 背影杀 哈～  %s 复制此链接，打开Dou音搜索，直接观看视频！"
    },
    "duration": 16485,
    "image_infos": null,
    "risk_infos": {
      "vote": false,
      "warn": false,
      "risk_sink": false,
      "type": 0,
      "content": ""
    },
    "position": null,
    "author_user_id": 62790495105,
    "prevent_download": false,
    "long_video": null,
    "aweme_control": {
      "can_forward": true,
      "can_share": true,
      "can_comment": true,
      "can_show_comment": true
    },
    "images": null,
    "suggest_words": {
      "suggest_words": [
        {
          "words": [
            {
              "word": "橘子焦糖",
              "word_id": "6548569468237255940",
              "info": "{\"qrec_for_search\":\"{\\\"query_ecom\\\":\\\"1\\\"}\"}"
            }
          ],
          "scene": "detail_inbox_rex",
          "icon_url": "",
          "hint_text": "",
          "extra_info": "{}"
        }
      ]
    },
    "author": {
      "avatar_small": {
        "height": 720,
        "uri": "aweme-avatar/tos-cn-avt-0015_c7784af3a0bd2e7c5fc92ece450f12e0",
        "url_list": [
          "https://p3-pc.douyinpic.com/img/aweme-avatar/tos-cn-avt-0015_c7784af3a0bd2e7c5fc92ece450f12e0~c5_168x168.jpeg?from=2956013662"
        ],
        "width": 720
      },
      "avatar_large": {
        "height": 720,
        "uri": "aweme-avatar/tos-cn-avt-0015_c7784af3a0bd2e7c5fc92ece450f12e0",
        "url_list": [
          "https://p3-pc.douyinpic.com/img/aweme-avatar/tos-cn-avt-0015_c7784af3a0bd2e7c5fc92ece450f12e0~c5_300x300.jpeg?from=2956013662"
        ],
        "width": 720
      },
      "aweme_count": 252,
      "birthday_hide_level": 0,
      "can_show_group_card": 1,
      "card_entries": [
        {
          "card_data": "{\"is_order_card\":false,\"has_new\":false,\"is_store\":false,\"shop_id\":\"\",\"product_count\":183,\"store_type\":\"window\",\"icon_is_repeat\":false,\"icon_type\":\"png\",\"is_promotion_icon\":false,\"subtitle_resource_list\":\"\"}",
          "event_params": "{\"entrance_location\":\"others_homepage\"}",
          "goto_url": "sslocal://goods/shop?uid=62790495105&sec_uid=MS4wLjABAAAAQaCCkzXHjbiZbaVGIAamUhbbZNk6zuN6yiDGo8nNruQ",
          "icon_dark": {
            "url_list": [
              "https://lf3-static.bytednsdoc.com/obj/eden-cn/azlylaup_j_tvjl/ljhwZthlaukjlkulzlp/ecom_window/ecom_window_other_dark-3x.png",
              "https://lf9-static.bytednsdoc.com/obj/eden-cn/azlylaup_j_tvjl/ljhwZthlaukjlkulzlp/ecom_window/ecom_window_other_dark-3x.png",
              "https://lf26-static.bytednsdoc.com/obj/eden-cn/azlylaup_j_tvjl/ljhwZthlaukjlkulzlp/ecom_window/ecom_window_other_dark-3x.png",
              "https://lf3-static.bytednsdoc.com/obj/eden-cn/azlylaup_j_tvjl/ljhwZthlaukjlkulzlp/ecom_window/ecom_window_other_dark-2x.png",
              "https://lf9-static.bytednsdoc.com/obj/eden-cn/azlylaup_j_tvjl/ljhwZthlaukjlkulzlp/ecom_window/ecom_window_other_dark-2x.png",
              "https://lf26-static.bytednsdoc.com/obj/eden-cn/azlylaup_j_tvjl/ljhwZthlaukjlkulzlp/ecom_window/ecom_window_other_dark-2x.png"
            ]
          },
          "icon_light": {
            "url_list": [
              "https://lf3-static.bytednsdoc.com/obj/eden-cn/azlylaup_j_tvjl/ljhwZthlaukjlkulzlp/ecom_window/ecom_window_other_light-3x.png",
              "https://lf9-static.bytednsdoc.com/obj/eden-cn/azlylaup_j_tvjl/ljhwZthlaukjlkulzlp/ecom_window/ecom_window_other_light-3x.png",
              "https://lf26-static.bytednsdoc.com/obj/eden-cn/azlylaup_j_tvjl/ljhwZthlaukjlkulzlp/ecom_window/ecom_window_other_light-3x.png",
              "https://lf3-static.bytednsdoc.com/obj/eden-cn/azlylaup_j_tvjl/ljhwZthlaukjlkulzlp/ecom_window/ecom_window_other_light-2x.png",
              "https://lf9-static.bytednsdoc.com/obj/eden-cn/azlylaup_j_tvjl/ljhwZthlaukjlkulzlp/ecom_window/ecom_window_other_light-2x.png",
              "https://lf26-static.bytednsdoc.com/obj/eden-cn/azlylaup_j_tvjl/ljhwZthlaukjlkulzlp/ecom_window/ecom_window_other_light-2x.png"
            ]
          },
          "sub_title": "183件好物",
          "title": "进入橱窗",
          "type": 1
        },
        {
          "goto_url": "aweme://im/FansGroup/GuestState",
          "icon_dark": {
            "uri": "https://p3.douyinpic.com/obj/im-resource/old_fans_group_manage_dark.png",
            "url_list": [
              "https://p3.douyinpic.com/obj/im-resource/old_fans_group_manage_dark.png",
              "https://p6.douyinpic.com/obj/im-resource/old_fans_group_manage_dark.png",
              "https://p9.douyinpic.com/obj/im-resource/old_fans_group_manage_dark.png"
            ]
          },
          "icon_light": {
            "uri": "https://p3.douyinpic.com/obj/im-resource/old_fans_group_manage_light.png",
            "url_list": [
              "https://p3.douyinpic.com/obj/im-resource/old_fans_group_manage_light.png",
              "https://p6.douyinpic.com/obj/im-resource/old_fans_group_manage_light.png",
              "https://p9.douyinpic.com/obj/im-resource/old_fans_group_manage_light.png"
            ]
          },
          "sub_title": "6个群聊",
          "title": "粉丝群",
          "type": 2
        },
        {
          "card_data": "{\"has_yellow_point\":false,\"announcement_release_time\":0,\"preview_video_release_time\":0,\"precipitation_video_release_time\":0,\"style\":0,\"appointment_id\":0,\"typ\":0,\"subscribe_cnt\":0,\"subscribe_status\":0,\"top_title\":\"\",\"top_subtitle\":\"\",\"cycle\":0}",
          "goto_url": "sslocal://webcast_lynxview?url=https%3A%2F%2Flf-webcast-gr-sourcecdn.bytegecko.com%2Fobj%2Fbyte-gurd-source-gr%2Fwebcast%2Fmono%2Flynx%2Fcommunity_live_dynamic_douyin%2Ftemplate%2Fpages%2Flive_dynamic%2Ftemplate.js%3Fanchor_id%3D62790495105%26sec_anchor_id%3DMS4wLjABAAAAQaCCkzXHjbiZbaVGIAamUhbbZNk6zuN6yiDGo8nNruQ&web_bg_color=%23161823&status_bar_color=white&type=fullscreen&hide_nav_bar=1&trans_status_bar=1&enable_preload=main&fallback_url=sslocal%3A%2F%2Fwebcast_webview%3Furl%3Dhttps%253A%252F%252Flf-webcast-gr-sourcecdn.bytegecko.com%252Fobj%252Fbyte-gurd-source-gr%252Fwebcast%252Fmono%252Flynx%252Fcommunity_live_dynamic_douyin%252Fweb%252Ftemplate%252Fpages%252Flive_dynamic%252Findex.html%253Fanchor_id%253D62790495105%2526sec_anchor_id%253DMS4wLjABAAAAQaCCkzXHjbiZbaVGIAamUhbbZNk6zuN6yiDGo8nNruQ%26web_bg_color%3D%2523161823%26status_bar_color%3Dwhite%26type%3Dfullscreen%26hide_nav_bar%3D1%26trans_status_bar%3D1&enable_pad_adapter=1&screen_size_adaptation=1&pad_ratio=1",
          "icon_dark": {
            "uri": "obj/eden-cn/91eh7uhfnult/all_cards_old_version/type6_live_dynamic_dark.png",
            "url_list": [
              "https://p6-dy-ipv6.byteimg.com/obj/eden-cn/91eh7uhfnult/all_cards_old_version/type6_live_dynamic_dark.png",
              "https://p3-dy-ipv6.byteimg.com/obj/eden-cn/91eh7uhfnult/all_cards_old_version/type6_live_dynamic_dark.png",
              "https://p9-dy.byteimg.com/obj/eden-cn/91eh7uhfnult/all_cards_old_version/type6_live_dynamic_dark.png"
            ]
          },
          "icon_light": {
            "uri": "obj/eden-cn/91eh7uhfnult/all_cards_old_version/type6_live_dynamic_light.png",
            "url_list": [
              "https://p6-dy-ipv6.byteimg.com/obj/eden-cn/91eh7uhfnult/all_cards_old_version/type6_live_dynamic_light.png",
              "https://p3-dy-ipv6.byteimg.com/obj/eden-cn/91eh7uhfnult/all_cards_old_version/type6_live_dynamic_light.png",
              "https://p9-dy.byteimg.com/obj/eden-cn/91eh7uhfnult/all_cards_old_version/type6_live_dynamic_light.png"
            ]
          },
          "sub_title": "查看历史记录",
          "title": "直播动态",
          "type": 6
        }
      ],
      "city": "金华",
      "commerce_info": {
        "challenge_list": null,
        "head_image_list": null,
        "offline_info_list": [],
        "smart_phone_list": null,
        "task_list": null
      },
      "commerce_user_info": {
        "ad_revenue_rits": null,
        "has_ads_entry": true,
        "show_star_atlas_cooperation": true,
        "star_atlas": 1
      },
      "commerce_user_level": 0,
      "country": "中国",
      "cover_colour": "#03373EE5",
      "cover_url": [
        {
          "uri": "douyin-user-image-file/fc185d55c7e3c95a57f88ef99f6c5a63",
          "url_list": ["GH2GQ_6U9XovU9wyhraHy.png"]
        },
        {
          "uri": "c8510002be9a3a61aad2",
          "url_list": ["Zd0yXNnpYUJtfs1PoJMQ2.png"]
        }
      ],
      "district": null,
      "favoriting_count": 0,
      "follow_status": 1,
      "follower_count": 3703545,
      "follower_request_status": 0,
      "follower_status": 0,
      "following_count": 1202,
      "forward_count": 0,
      "gender": 2,
      "ip_location": "IP属地：河北",
      "max_follower_count": 4120061,
      "mplatform_followers_count": 3728871,
      "nickname": "奶茶妹◕🌱",
      "province": "浙江",
      "public_collects_count": 0,
      "share_info": {
        "bool_persist": 1,
        "share_desc": "长按复制此条消息，打开抖音搜索，查看TA的更多作品。",
        "share_image_url": {
          "uri": "tos-cn-p-0015/o0lXhVW8g4D9AIzIlnIX23ftAOAzNet3BcBpzK",
          "url_list": ["ZRRKVy4ShmXRvpIEPMYoa.png"]
        },
        "share_qrcode_url": {
          "uri": "6f940019bd6b1c90b090",
          "url_list": [
            "https://p6.douyinpic.com/obj/6f940019bd6b1c90b090",
            "https://p26.douyinpic.com/obj/6f940019bd6b1c90b090",
            "https://p11.douyinpic.com/obj/6f940019bd6b1c90b090"
          ]
        },
        "share_title": "快来加入抖音，让你发现最有趣的我！",
        "share_url": "www.iesdouyin.com/share/user/MS4wLjABAAAAQaCCkzXHjbiZbaVGIAamUhbbZNk6zuN6yiDGo8nNruQ?sec_uid=MS4wLjABAAAAQaCCkzXHjbiZbaVGIAamUhbbZNk6zuN6yiDGo8nNruQ&from_ssr=1&from_aid=6383&u_code=13kgm680k&did=MS4wLjABAAAAiOgYyZm8XbWZMr5o3OvhR-TEOuNygb_hQOwkie-VXJpDYaR4vZfpiIGBfAWKCFHB&iid=MS4wLjABAAAANwkJuWIRFOzg5uCpDRpMj4OX-QryoDgn-yYlXQnRwQQ&with_sec_did=1",
        "share_weibo_desc": "长按复制此条消息，打开抖音搜索，查看TA的更多作品。"
      },
      "short_id": "0",
      "signature": "每天早上7点直播\n一个喜欢跳舞💃喜欢健身的正能量小姐姐\n贼宠粉😏不信你试试\n小号直播@奶茶妹°C🌱",
      "total_favorited": 31782156,
      "uid": "62790495105",
      "unique_id": "SUNMENG333",
      "user_age": 55,
      "white_cover_url": [
        {
          "uri": "douyin-user-image-file/fc185d55c7e3c95a57f88ef99f6c5a63",
          "url_list": ["5mEqucAqJ1I440RfZH2t6.png"]
        },
        {
          "uri": "318f1000413827e122102",
          "url_list": ["72skmrYgEr7JkUqAbch-Q.png"]
        }
      ]
    }
  },
  {
    "aweme_id": "6727250369396608264",
    "desc": "一想到你我就。。。#芒种 #原创国风计划",
    "create_time": 1566310036,
    "music": {
      "id": 6726069569057803000,
      "title": "用户创作的原声",
      "author": "Dd5233_",
      "cover_medium": {
        "uri": "720x720/aweme-avatar/tos-cn-avt-0015_d3040e2fef654a95f4df19a0b6c3841f",
        "url_list": [
          "https://p3-pc.douyinpic.com/aweme/720x720/aweme-avatar/tos-cn-avt-0015_d3040e2fef654a95f4df19a0b6c3841f.jpeg?from=116350172"
        ],
        "width": 720,
        "height": 720
      },
      "cover_thumb": {
        "uri": "100x100/aweme-avatar/tos-cn-avt-0015_d3040e2fef654a95f4df19a0b6c3841f",
        "url_list": [
          "https://p3-pc.douyinpic.com/aweme/100x100/aweme-avatar/tos-cn-avt-0015_d3040e2fef654a95f4df19a0b6c3841f.jpeg?from=116350172"
        ],
        "width": 720,
        "height": 720
      },
      "play_url": {
        "uri": "https://sf3-cdn-tos.douyinstatic.com/obj/ies-music/6726069569057803021.m4a",
        "url_list": [
          "https://sf3-cdn-tos.douyinstatic.com/obj/ies-music/6726069569057803021.m4a",
          "https://sf5-hl-cdn-tos.douyinstatic.com/obj/ies-music/6726069569057803021.m4a"
        ],
        "width": 720,
        "height": 720,
        "url_key": "6726069569057803021"
      },
      "duration": 7,
      "user_count": 0,
      "owner_id": "107998862767",
      "owner_nickname": "Dd5233_",
      "is_original": false
    },
    "video": {
      "play_addr": {
        "uri": "v0200f9e0000bldvt42gd9fqp49ecpag",
        "url_list": [
          "https://www.douyin.com/aweme/v1/play/?video_id=v0200f9e0000bldvt42gd9fqp49ecpag&line=0&file_id=f87d7ac5d5a24b19b3f33f1b31ba02e7&sign=c872722944d05b0ccd56ac9f5fb8a51b&is_play_url=1&source=PackSourceEnum_PUBLISH"
        ],
        "width": 1080,
        "height": 1920,
        "url_key": "v0200f9e0000bldvt42gd9fqp49ecpag_h264_1080p_2640316",
        "data_size": 2395427,
        "file_hash": "c872722944d05b0ccd56ac9f5fb8a51b",
        "file_cs": "c:0-8749-5a66|d:0-1197712-9106,1197713-2395426-e0b2|a:v0200f9e0000bldvt42gd9fqp49ecpag"
      },
      "cover": {
        "uri": "tos-cn-p-0015/e468ce3333034b1db0c987b00f2b5af3",
        "url_list": ["od74MFuaQhZyh-PZyPN1S.png"],
        "width": 720,
        "height": 720
      },
      "poster": "out9.jpg",
      "height": 1280,
      "width": 720,
      "ratio": "1080p",
      "use_static_cover": false,
      "duration": 7258
    },
    "share_url": "https://www.iesdouyin.com/share/video/6727250369396608264/?region=CN&mid=6726069569057803021&u_code=13kgm680k&did=MS4wLjABAAAAiOgYyZm8XbWZMr5o3OvhR-TEOuNygb_hQOwkie-VXJpDYaR4vZfpiIGBfAWKCFHB&iid=MS4wLjABAAAANwkJuWIRFOzg5uCpDRpMj4OX-QryoDgn-yYlXQnRwQQ&with_sec_did=1&titleType=title&share_sign=Ap.RTkMGnFHEOhBESgtUfw7mmOS5plOMI.3o4FkvWRY-&share_version=170400&ts=1710492054&from_aid=6383&from_ssr=1",
    "statistics": {
      "admire_count": 0,
      "comment_count": 94706,
      "digg_count": 4403895,
      "collect_count": 147324,
      "play_count": 0,
      "share_count": 169502
    },
    "status": {
      "listen_video_status": 0,
      "is_delete": false,
      "allow_share": true,
      "is_prohibited": false,
      "in_reviewing": false,
      "part_see": 0,
      "private_status": 0,
      "review_result": {
        "review_status": 0
      }
    },
    "text_extra": [
      {
        "start": 9,
        "end": 12,
        "type": 1,
        "hashtag_name": "芒种",
        "hashtag_id": "1602062059634691",
        "is_commerce": false,
        "caption_start": 0,
        "caption_end": 0
      },
      {
        "start": 13,
        "end": 20,
        "type": 1,
        "hashtag_name": "原创国风计划",
        "hashtag_id": "1612584995920910",
        "is_commerce": false,
        "caption_start": 0,
        "caption_end": 0
      }
    ],
    "is_top": 1,
    "share_info": {
      "share_url": "https://www.iesdouyin.com/share/video/6727250369396608264/?region=CN&mid=6726069569057803021&u_code=13kgm680k&did=MS4wLjABAAAAiOgYyZm8XbWZMr5o3OvhR-TEOuNygb_hQOwkie-VXJpDYaR4vZfpiIGBfAWKCFHB&iid=MS4wLjABAAAANwkJuWIRFOzg5uCpDRpMj4OX-QryoDgn-yYlXQnRwQQ&with_sec_did=1&titleType=title&share_sign=Ap.RTkMGnFHEOhBESgtUfw7mmOS5plOMI.3o4FkvWRY-&share_version=170400&ts=1710492054&from_aid=6383&from_ssr=1",
      "share_link_desc": "6.99 05/09 G@v.SY Lws:/ 一想到你我就。。。# 芒种 # 原创国风计划  %s 复制此链接，打开Dou音搜索，直接观看视频！"
    },
    "duration": 7258,
    "image_infos": null,
    "risk_infos": {
      "vote": false,
      "warn": false,
      "risk_sink": false,
      "type": 0,
      "content": ""
    },
    "position": null,
    "author_user_id": 60043717321,
    "prevent_download": false,
    "long_video": null,
    "aweme_control": {
      "can_forward": true,
      "can_share": true,
      "can_comment": true,
      "can_show_comment": true
    },
    "images": null,
    "suggest_words": {
      "suggest_words": [
        {
          "words": [
            {
              "word": "芒种鞠婧祎",
              "word_id": "6749107705027237127",
              "info": "{\"qrec_for_search\":\"{\\\"video_ecom\\\":\\\"1\\\"}\"}"
            }
          ],
          "scene": "detail_inbox_rex",
          "icon_url": "",
          "hint_text": "",
          "extra_info": "{}"
        }
      ]
    },
    "author": {
      "avatar_small": {
        "height": 720,
        "uri": "aweme-avatar/mosaic-legacy_310e3000a130132511b54",
        "url_list": [
          "https://p3-pc.douyinpic.com/img/aweme-avatar/mosaic-legacy_310e3000a130132511b54~c5_168x168.jpeg?from=2956013662"
        ],
        "width": 720
      },
      "avatar_large": {
        "height": 720,
        "uri": "aweme-avatar/mosaic-legacy_310e3000a130132511b54",
        "url_list": [
          "https://p3-pc.douyinpic.com/img/aweme-avatar/mosaic-legacy_310e3000a130132511b54~c5_300x300.jpeg?from=2956013662"
        ],
        "width": 720
      },
      "aweme_count": 304,
      "birthday_hide_level": 0,
      "can_show_group_card": 1,
      "city": "",
      "commerce_info": {
        "challenge_list": [],
        "head_image_list": null,
        "offline_info_list": [],
        "smart_phone_list": null,
        "task_list": null
      },
      "commerce_user_info": {
        "ad_revenue_rits": null,
        "has_ads_entry": true,
        "show_star_atlas_cooperation": false,
        "star_atlas": 1
      },
      "commerce_user_level": 0,
      "country": "",
      "cover_colour": "#03997706",
      "cover_url": [
        {
          "uri": "douyin-user-image-file/c029dcead6fbf261d15b1ab7de43bf2f",
          "url_list": ["2eFwyUS9yN8r7wJCXHUvb.png"]
        },
        {
          "uri": "c8510002be9a3a61aad2",
          "url_list": ["0yrHnPaNjbwpkaPNo7s4x.png"]
        }
      ],
      "district": "",
      "favoriting_count": 0,
      "follow_status": 0,
      "follower_count": 24783790,
      "follower_request_status": 0,
      "follower_status": 0,
      "following_count": 52,
      "forward_count": 2,
      "gender": 0,
      "ip_location": "IP属地：云南",
      "max_follower_count": 27200114,
      "mplatform_followers_count": 24783790,
      "nickname": "小橙子",
      "province": "",
      "public_collects_count": 0,
      "share_info": {
        "bool_persist": 1,
        "share_desc": "长按复制此条消息，打开抖音搜索，查看TA的更多作品。",
        "share_image_url": {
          "uri": "tos-cn-p-0015/oceLdA0zALBI8CoyKiCfhU69IBlNq4RsbgzSAu",
          "url_list": ["qnOWDz5lUek2B1I5MPHa-.png"]
        },
        "share_qrcode_url": {
          "uri": "216a0023aa35c71d4381",
          "url_list": [
            "https://p11.douyinpic.com/obj/216a0023aa35c71d4381",
            "https://p3.douyinpic.com/obj/216a0023aa35c71d4381",
            "https://p6.douyinpic.com/obj/216a0023aa35c71d4381"
          ]
        },
        "share_title": "快来加入抖音，让你发现最有趣的我！",
        "share_url": "www.iesdouyin.com/share/user/MS4wLjABAAAAI-lEgbXAy9AcrRR_ujh1DfyWRuh1ZjxLdzmjMD948KY?from_aid=6383&u_code=13kgm680k&did=MS4wLjABAAAAiOgYyZm8XbWZMr5o3OvhR-TEOuNygb_hQOwkie-VXJpDYaR4vZfpiIGBfAWKCFHB&iid=MS4wLjABAAAANwkJuWIRFOzg5uCpDRpMj4OX-QryoDgn-yYlXQnRwQQ&with_sec_did=1&sec_uid=MS4wLjABAAAAI-lEgbXAy9AcrRR_ujh1DfyWRuh1ZjxLdzmjMD948KY&from_ssr=1",
        "share_weibo_desc": "长按复制此条消息，打开抖音搜索，查看TA的更多作品。"
      },
      "short_id": "13632088",
      "signature": "承蒙厚爱 万分感激🙏🏻\n视频均为自己创作 未签约 不直播\n工作v❤ orangelaby",
      "total_favorited": 575707796,
      "uid": "60043717321",
      "unique_id": "",
      "user_age": -1,
      "white_cover_url": [
        {
          "uri": "douyin-user-image-file/c029dcead6fbf261d15b1ab7de43bf2f",
          "url_list": ["ejF34o5i413UeROTNoYFI.png"]
        },
        {
          "uri": "318f1000413827e122102",
          "url_list": ["x9tjnPkC-OscQ480dZZAR.png"]
        }
      ]
    }
  },
  {
    "aweme_id": "7237468039971654915",
    "desc": "#夏天该有的样子 #泳池",
    "create_time": 1685104348,
    "music": {
      "id": 7224429356892900000,
      "title": "@Eclipse创作的原声",
      "author": "Eclipse",
      "cover_medium": {
        "uri": "720x720/aweme-avatar/tos-cn-avt-0015_26e0fccb2170f19fab0dbf023f3a44ff",
        "url_list": [
          "https://p3-pc.douyinpic.com/aweme/720x720/aweme-avatar/tos-cn-avt-0015_26e0fccb2170f19fab0dbf023f3a44ff.jpeg?from=116350172"
        ],
        "width": 720,
        "height": 720
      },
      "cover_thumb": {
        "uri": "100x100/aweme-avatar/tos-cn-avt-0015_26e0fccb2170f19fab0dbf023f3a44ff",
        "url_list": [
          "https://p3-pc.douyinpic.com/aweme/100x100/aweme-avatar/tos-cn-avt-0015_26e0fccb2170f19fab0dbf023f3a44ff.jpeg?from=116350172"
        ],
        "width": 720,
        "height": 720
      },
      "play_url": {
        "uri": "https://sf5-hl-cdn-tos.douyinstatic.com/obj/ies-music/7224429353604549431.mp3",
        "url_list": [
          "https://sf5-hl-cdn-tos.douyinstatic.com/obj/ies-music/7224429353604549431.mp3",
          "https://sf3-cdn-tos.douyinstatic.com/obj/ies-music/7224429353604549431.mp3"
        ],
        "width": 720,
        "height": 720,
        "url_key": "7224429356892900155"
      },
      "duration": 10,
      "user_count": 0,
      "owner_id": "3777544821936907",
      "owner_nickname": "Eclipse",
      "is_original": false
    },
    "video": {
      "play_addr": {
        "uri": "v0300fg10000choacujc77ufs55f0oq0",
        "url_list": [
          "https://www.douyin.com/aweme/v1/play/?video_id=v0300fg10000choacujc77ufs55f0oq0&line=0&file_id=7b9fdf3117bc4ab49b58c956a70bd2e7&sign=e116a1e5b4269edca98db07a22142fbd&is_play_url=1&source=PackSourceEnum_PUBLISH"
        ],
        "width": 1080,
        "height": 1920,
        "url_key": "v0300fg10000choacujc77ufs55f0oq0_h264_1080p_3063108",
        "data_size": 2961260,
        "file_hash": "e116a1e5b4269edca98db07a22142fbd",
        "file_cs": "c:0-9900-d62a|d:0-1480629-8c9a,1480630-2961259-08ed|a:v0300fg10000choacujc77ufs55f0oq0"
      },
      "cover": {
        "uri": "tos-cn-i-0813/5f0a61be754f42089db66c01854674bd",
        "url_list": ["Yo64h_V2GqTSG3CSkWOOY.png"],
        "width": 720,
        "height": 720
      },
      "poster": "out1.jpg",
      "height": 1920,
      "width": 1080,
      "ratio": "1080p",
      "use_static_cover": true,
      "duration": 7734
    },
    "share_url": "https://www.iesdouyin.com/share/video/7237468039971654915/?region=CN&mid=7224429356892900155&u_code=13kgm680k&did=MS4wLjABAAAAiOgYyZm8XbWZMr5o3OvhR-TEOuNygb_hQOwkie-VXJpDYaR4vZfpiIGBfAWKCFHB&iid=MS4wLjABAAAANwkJuWIRFOzg5uCpDRpMj4OX-QryoDgn-yYlXQnRwQQ&with_sec_did=1&titleType=title&share_sign=gOygiSHOwYgX04jVYZGXp3ioXwe6AcH5n3kvDT1wLgU-&share_version=170400&ts=1710489298&from_aid=6383&from_ssr=1",
    "statistics": {
      "admire_count": 0,
      "comment_count": 3263,
      "digg_count": 139208,
      "collect_count": 32390,
      "play_count": 0,
      "share_count": 60402
    },
    "status": {
      "listen_video_status": 0,
      "is_delete": false,
      "allow_share": true,
      "is_prohibited": false,
      "in_reviewing": false,
      "part_see": 0,
      "private_status": 0,
      "review_result": {
        "review_status": 0
      }
    },
    "text_extra": [
      {
        "start": 0,
        "end": 8,
        "type": 1,
        "hashtag_name": "夏天该有的样子",
        "hashtag_id": "1600806075915268",
        "is_commerce": false,
        "caption_start": 0,
        "caption_end": 0
      },
      {
        "start": 9,
        "end": 12,
        "type": 1,
        "hashtag_name": "泳池",
        "hashtag_id": "1573099956699150",
        "is_commerce": false,
        "caption_start": 0,
        "caption_end": 0
      }
    ],
    "is_top": 0,
    "share_info": {
      "share_url": "https://www.iesdouyin.com/share/video/7237468039971654915/?region=CN&mid=7224429356892900155&u_code=13kgm680k&did=MS4wLjABAAAAiOgYyZm8XbWZMr5o3OvhR-TEOuNygb_hQOwkie-VXJpDYaR4vZfpiIGBfAWKCFHB&iid=MS4wLjABAAAANwkJuWIRFOzg5uCpDRpMj4OX-QryoDgn-yYlXQnRwQQ&with_sec_did=1&titleType=title&share_sign=gOygiSHOwYgX04jVYZGXp3ioXwe6AcH5n3kvDT1wLgU-&share_version=170400&ts=1710489298&from_aid=6383&from_ssr=1",
      "share_link_desc": "8.97 12/17 zgB:/ N@J.VL # 夏天该有的样子 # 泳池  %s 复制此链接，打开Dou音搜索，直接观看视频！"
    },
    "duration": 7734,
    "image_infos": null,
    "risk_infos": {
      "vote": false,
      "warn": false,
      "risk_sink": false,
      "type": 0,
      "content": ""
    },
    "position": null,
    "author_user_id": 1028766474441803,
    "prevent_download": false,
    "long_video": null,
    "aweme_control": {
      "can_forward": true,
      "can_share": true,
      "can_comment": true,
      "can_show_comment": true
    },
    "images": null,
    "suggest_words": {
      "suggest_words": [
        {
          "words": [
            {
              "word": "我才是岚岚早期视频",
              "word_id": "7142989186508068136",
              "info": "{\"qrec_for_search\":\"{}\"}"
            }
          ],
          "scene": "comment_top_rec",
          "icon_url": "",
          "hint_text": "大家都在搜：",
          "extra_info": "{}"
        },
        {
          "words": [
            {
              "word": "我才是岚岚",
              "word_id": "6749667863306441988",
              "info": "{\"qrec_for_search\":\"{}\"}"
            }
          ],
          "scene": "detail_inbox_rex",
          "icon_url": "",
          "hint_text": "",
          "extra_info": "{}"
        }
      ]
    },
    "author": {
      "avatar_small": {
        "height": 720,
        "uri": "aweme-avatar/tos-cn-avt-0015_78ecf820d31560e298e32684589c00b3",
        "url_list": [
          "https://p3-pc.douyinpic.com/img/aweme-avatar/tos-cn-avt-0015_78ecf820d31560e298e32684589c00b3~c5_168x168.jpeg?from=2956013662"
        ],
        "width": 720
      },
      "avatar_large": {
        "height": 720,
        "uri": "aweme-avatar/tos-cn-avt-0015_78ecf820d31560e298e32684589c00b3",
        "url_list": [
          "https://p3-pc.douyinpic.com/img/aweme-avatar/tos-cn-avt-0015_78ecf820d31560e298e32684589c00b3~c5_300x300.jpeg?from=2956013662"
        ],
        "width": 720
      },
      "aweme_count": 43,
      "birthday_hide_level": 0,
      "can_show_group_card": 1,
      "card_entries": [
        {
          "goto_url": "aweme://im/FansGroup/GuestState",
          "icon_dark": {
            "uri": "https://p3.douyinpic.com/obj/im-resource/old_fans_group_manage_dark.png",
            "url_list": [
              "https://p3.douyinpic.com/obj/im-resource/old_fans_group_manage_dark.png",
              "https://p6.douyinpic.com/obj/im-resource/old_fans_group_manage_dark.png",
              "https://p9.douyinpic.com/obj/im-resource/old_fans_group_manage_dark.png"
            ]
          },
          "icon_light": {
            "uri": "https://p3.douyinpic.com/obj/im-resource/old_fans_group_manage_light.png",
            "url_list": [
              "https://p3.douyinpic.com/obj/im-resource/old_fans_group_manage_light.png",
              "https://p6.douyinpic.com/obj/im-resource/old_fans_group_manage_light.png",
              "https://p9.douyinpic.com/obj/im-resource/old_fans_group_manage_light.png"
            ]
          },
          "sub_title": "2个群聊",
          "title": "粉丝群",
          "type": 2
        }
      ],
      "city": "广州",
      "commerce_info": {
        "challenge_list": null,
        "head_image_list": null,
        "offline_info_list": [],
        "smart_phone_list": null,
        "task_list": null
      },
      "commerce_user_info": {
        "ad_revenue_rits": null,
        "has_ads_entry": true,
        "show_star_atlas_cooperation": true,
        "star_atlas": 1
      },
      "commerce_user_level": 0,
      "country": "中国",
      "cover_colour": "#03997706",
      "cover_url": [
        {
          "uri": "douyin-user-file/4eec4c18569133d5990381a62ba49327",
          "url_list": ["fmO_JqQD-ukKguwbdyoiL.png"]
        },
        {
          "uri": "c8510002be9a3a61aad2",
          "url_list": ["n3chqEY3p_JKnn2jSdd2b.png"]
        }
      ],
      "district": null,
      "favoriting_count": 7,
      "follow_status": 1,
      "follower_count": 2998156,
      "follower_request_status": 0,
      "follower_status": 0,
      "following_count": 399,
      "forward_count": 0,
      "gender": 2,
      "ip_location": "IP属地：广东",
      "max_follower_count": 3005456,
      "mplatform_followers_count": 2998156,
      "nickname": "我才是岚岚",
      "province": "广东",
      "public_collects_count": 0,
      "share_info": {
        "bool_persist": 1,
        "share_desc": "长按复制此条消息，打开抖音搜索，查看TA的更多作品。",
        "share_image_url": {
          "uri": "tos-cn-p-0015/o80AiAzNXCD7yDQlX88bABg7YfimvUQ49SneAq",
          "url_list": ["vE3YDSQkYb_YZdfgDRZU8.png"]
        },
        "share_qrcode_url": {
          "uri": "315100005802d9a7fc08a",
          "url_list": [
            "https://p11.douyinpic.com/obj/315100005802d9a7fc08a",
            "https://p3.douyinpic.com/obj/315100005802d9a7fc08a",
            "https://p26.douyinpic.com/obj/315100005802d9a7fc08a"
          ]
        },
        "share_title": "快来加入抖音，让你发现最有趣的我！",
        "share_url": "www.iesdouyin.com/share/user/MS4wLjABAAAAonK7FndgFYn4mKBQwHc34iEiCCwvBI3tXNqGXqd18qFM9p_ZSxC1y9Gyv1e0XuG_?from_aid=6383&u_code=13kgm680k&did=MS4wLjABAAAAiOgYyZm8XbWZMr5o3OvhR-TEOuNygb_hQOwkie-VXJpDYaR4vZfpiIGBfAWKCFHB&iid=MS4wLjABAAAANwkJuWIRFOzg5uCpDRpMj4OX-QryoDgn-yYlXQnRwQQ&with_sec_did=1&sec_uid=MS4wLjABAAAAonK7FndgFYn4mKBQwHc34iEiCCwvBI3tXNqGXqd18qFM9p_ZSxC1y9Gyv1e0XuG_&from_ssr=1",
        "share_weibo_desc": "长按复制此条消息，打开抖音搜索，查看TA的更多作品。"
      },
      "short_id": "0",
      "signature": "🧣我才是岚岚s\nX Eva: 我才是岚岚\n仅此一个抖音号（谨防被骗）",
      "total_favorited": 16475958,
      "uid": "1028766474441803",
      "unique_id": "LL991221",
      "user_age": 23,
      "white_cover_url": [
        {
          "uri": "douyin-user-file/4eec4c18569133d5990381a62ba49327",
          "url_list": ["OvKvfthk8TXKeVpwEkQNq.png"]
        },
        {
          "uri": "318f1000413827e122102",
          "url_list": ["XIX6McGHe3ffHggOT8Rql.png"]
        }
      ]
    }
  }
]
